FirstName,LastName,DateOfBirth
Megan,Chang,1972-08-27
Billy,Sheppard,1977-02-06
Richard,Bowers,1964-09-03
Tammy,Howard,2004-09-17
Rebecca,Wagner,1963-03-20
Donald,Davis,1998-06-08
John,Browning,1992-01-09
Lisa,Barrera,1965-02-20
Corey,Jones,2001-11-28
Gabriella,Kennedy,1950-11-20
Michael,Stewart,1987-08-13
Robin,Levy,1976-06-30
Scott,Boyd,1948-04-09
Linda,Dunn,1944-12-28
Christopher,Larsen,1992-05-14
Mallory,Barnett,1944-02-11
Cheryl,Clayton,1966-09-15
John,Nguyen,2003-04-09
Bryan,Stark,1959-02-14
John,Ponce,1998-09-10
Amy,Davis,1965-10-25
Nancy,Bolton,1977-05-01
Daniel,Arnold,1992-02-12
David,Cook,2006-10-17
Amber,Maynard,1985-01-30
Amy,Roberts,1950-04-09
Caitlyn,Cruz,1983-03-17
John,White,1999-12-08
Jacob,Salazar,1988-09-20
Jordan,Jones,1990-03-22
Katherine,Mcdowell,2006-11-14
Benjamin,Miller,1991-08-16
Sandra,Fernandez,1970-08-30
Mary,Warren,1979-07-18
Lisa,Atkinson,2004-12-10
Erin,Bryan,1972-07-29
Bethany,Hayes,1988-12-18
Danielle,Graves,1998-01-08
Michael,Nguyen,1951-11-20
Tom,Mccoy,2001-07-17
James,Smith,1962-06-24
Dave,Robinson,1998-02-08
George,Simmons,1948-04-07
Craig,Thomas,1991-07-06
Jeffery,Montoya,1987-03-12
Renee,Ferguson,1990-05-08
Charles,Martinez,1956-11-11
Catherine,Johnston,1970-08-28
Christopher,Bass,1951-12-07
Benjamin,Smith,1956-08-15
Jennifer,Mendoza,1993-07-08
Lauren,Giles,1945-08-02
Amy,Oliver,2000-12-01
Jordan,Walker,1988-01-22
Kevin,Graham,1948-03-10
William,Williams,1950-11-26
Holly,Myers,1961-09-26
Michael,Dennis,2001-01-30
Rachel,Hudson,1991-07-07
Emily,Levy,1947-12-26
Kristina,Moore,1955-01-21
Matthew,King,1984-08-24
Sandra,Wade,1944-12-07
Thomas,Ortiz,1982-10-06
Nancy,Lowery,1988-03-12
Michael,Monroe,1961-02-09
Eric,Vazquez,1975-03-14
Judith,Rogers,1947-02-22
Amy,Taylor,1995-11-25
Stephanie,Bell,1963-08-17
Emily,Garza,2004-09-24
Cynthia,Oliver,1992-09-24
Kyle,Goodman,2000-06-10
Debra,Smith,1957-02-13
Holly,Moore,1959-03-21
Dana,Gray,2003-08-10
Emily,Baxter,1946-03-08
Richard,Miles,1972-06-30
Kelsey,Fletcher,1955-04-23
Sean,Green,1954-10-07
Sean,Dyer,2005-10-29
Anna,Campos,2004-03-07
Benjamin,Nguyen,2001-01-16
Steven,Lamb,2003-07-31
Terri,Perry,1981-05-13
Yvonne,Schultz,1949-09-18
Mary,Anderson,1945-01-14
Richard,Gregory,1965-07-20
Aaron,Smith,1995-05-25
Aaron,Carson,1979-12-28
Cheryl,Lee,1985-06-07
Debra,Russo,1963-02-02
Haley,White,1976-05-26
Melissa,Sanders,1949-07-27
Andrew,Sloan,1998-06-18
Laura,Callahan,1953-02-11
Desiree,Roth,1987-12-04
Michael,Wiggins,1962-12-24
Melissa,Williams,1958-01-13
Erin,Grant,1969-01-01
